{
  "current": "buehrle13@aol.com",
  "accounts": {
    "buehrle13@aol.com": {
      "password": "tattoo13",
      "displayname": "",
      "custom_name": "buehrle13",
      "cookies": {},
      "login_status": true
    },
    "1": {
      "password": "1",
      "displayname": "",
      "custom_name": "1",
      "cookies": {},
      "login_status": true
    },
    "jancok@gmail.com": {
      "password": "jancok12",
      "displayname": "",
      "custom_name": "jancok",
      "cookies": {},
      "login_status": true
    },
    "cakeartist7@yahoo.com": {
      "password": "Labrador7!",
      "displayname": "",
      "custom_name": "cakeartist7",
      "cookies": {},
      "login_status": true
    },
    "apwne61s@punkproof.com": {
      "password": "jancok123",
      "displayname": "",
      "custom_name": "apwne61s",
      "cookies": {},
      "login_status": true
    },
    "lorenzobattaglia2@libero.it": {
      "password": "napoletano11",
      "displayname": "",
      "custom_name": "lorenzobattaglia2",
      "cookies": {},
      "login_status": true
    },
    "gracyayala29@yahoo.com": {
      "password": "Kelly1228",
      "displayname": "",
      "custom_name": "gracyayala29",
      "cookies": {},
      "login_status": true
    }
  }
}