{
  "email": "kmsiegert@gmail.com",
  "password": "Laxnspks0",
  "custom_name": "kmsiegert",
  "wallet": {
    "__typename": "CurrencyAmount",
    "amount": 1
  },
  "transactions": [
    {
      "date": "23 Mei 2025",
      "referredUserDisplayName": "Bad Orders",
      "status": "Canceled",
      "amount": 186
    },
    {
      "date": "22 Mei 2025",
      "referredUserDisplayName": "Bad Orders",
      "status": "Canceled",
      "amount": 192
    },
    {
      "date": "22 Mei 2025",
      "referredUserDisplayName": "Bad Orders",
      "status": "Canceled",
      "amount": 186
    },
    {
      "date": "22 Mei 2025",
      "referredUserDisplayName": "Bad Orders",
      "status": "Canceled",
      "amount": 270
    },
    {
      "date": "22 Mei 2025",
      "referredUserDisplayName": "Abraham Torres",
      "status": "Canceled",
      "amount": 146
    },
    {
      "date": "22 Januari 2025",
      "referredUserDisplayName": "R542475380",
      "status": "Completed",
      "amount": 1
    },
    {
      "date": "9 Januari 2025",
      "referredUserDisplayName": "R128146168",
      "status": "Canceled",
      "amount": 0
    },
    {
      "date": "8 Januari 2025",
      "referredUserDisplayName": "Kara Siegert",
      "status": "Completed",
      "amount": 1
    }
  ]
}