{
  "email": "y3k6o8a9@punkproof.com",
  "password": "jancok123",
  "custom_name": "y3k6o8a9",
  "wallet": {
    "__typename": "CurrencyAmount",
    "amount": 763
  },
  "transactions": [
    {
      "date": "8 Juli 2025",
      "referredUserDisplayName": "Travis ",
      "status": "Pending",
      "amount": 271
    },
    {
      "date": "8 Juli 2025",
      "referredUserDisplayName": "Travis ",
      "status": "Pending",
      "amount": 502
    },
    {
      "date": "1 Juli 2025",
      "referredUserDisplayName": "-",
      "status": "Completed",
      "amount": 763
    },
    {
      "date": "24 Juni 2025",
      "referredUserDisplayName": "Travis ",
      "status": "Completed",
      "amount": 115
    },
    {
      "date": "24 Juni 2025",
      "referredUserDisplayName": "Travis ",
      "status": "Completed",
      "amount": 144
    },
    {
      "date": "24 Juni 2025",
      "referredUserDisplayName": "Travis ",
      "status": "Completed",
      "amount": 34
    },
    {
      "date": "24 Juni 2025",
      "referredUserDisplayName": "Travis ",
      "status": "Completed",
      "amount": 189
    },
    {
      "date": "24 Juni 2025",
      "referredUserDisplayName": "Travis ",
      "status": "Completed",
      "amount": 144
    },
    {
      "date": "24 Juni 2025",
      "referredUserDisplayName": "Travis ",
      "status": "Completed",
      "amount": 136
    }
  ]
}