{
  "email": "lingo672@gmail.com",
  "password": "Martyr123!",
  "custom_name": "lingo672",
  "login_status": true,
  "address": [
    {
      "address1": "96 Entrada Ct",
      "address2": "",
      "city": "San Francisco",
      "countryIso": "US",
      "country": "United States",
      "firstName": "Stephen",
      "fiscalCode": null,
      "id": "1079553271",
      "name": "Stephen Cajilig",
      "phone": "",
      "stateAbbr": "CA",
      "zipCode": "94127"
    }
  ],
  "payment": [
    {
      "id": "1072174346",
      "issuer": "visa",
      "lastDigits": "8304",
      "month": 11,
      "year": 2027
    }
  ],
  "profile": {
    "firebaseUid": "emjq7Cy4debL7xHhJYq9am4G4Gw1",
    "guestId": null,
    "email": "lingo672@gmail.com"
  }
}