{
  "email": "42pp8tx7@punkproof.com",
  "password": "jancok123",
  "custom_name": "42pp8tx7",
  "login_status": true,
  "address": [
    {
      "address1": "19620 Beck Rd",
      "address2": "",
      "city": "Northville",
      "countryIso": "US",
      "country": "United States",
      "firstName": "Travis",
      "fiscalCode": null,
      "id": "1073474025",
      "name": "Travis Lemanski",
      "phone": "",
      "stateAbbr": "MI",
      "zipCode": "48167"
    },
    {
      "address1": "2456 Shanti Dr",
      "address2": "",
      "city": "Kissimmee",
      "countryIso": "US",
      "country": "United States",
      "firstName": "",
      "fiscalCode": null,
      "id": "1082944186",
      "name": "Travis Lemanski",
      "phone": "",
      "stateAbbr": "FL",
      "zipCode": "34746"
    },
    {
      "address1": "500 N Mill St",
      "address2": null,
      "city": "South Lyon",
      "countryIso": "US",
      "country": "United States",
      "firstName": null,
      "fiscalCode": null,
      "id": "1085039885",
      "name": "TravisLemanski",
      "phone": null,
      "stateAbbr": "MI",
      "zipCode": "48178"
    },
    {
      "address1": "500 N Mill St",
      "address2": null,
      "city": "South Lyon",
      "countryIso": "US",
      "country": "United States",
      "firstName": null,
      "fiscalCode": null,
      "id": "1085928816",
      "name": "TravisLemanski",
      "phone": null,
      "stateAbbr": "MI",
      "zipCode": "48178"
    },
    {
      "address1": "37 Beagle Run",
      "address2": null,
      "city": "Sylva",
      "countryIso": "US",
      "country": "United States",
      "firstName": null,
      "fiscalCode": null,
      "id": "1090643268",
      "name": "Tanya Messer",
      "phone": null,
      "stateAbbr": "NC",
      "zipCode": "28779"
    }
  ],
  "payment": [
    {
      "id": "1074095128",
      "issuer": "amex",
      "lastDigits": "7005",
      "month": 9,
      "year": 2027
    },
    {
      "id": "1072717146",
      "issuer": "amex",
      "lastDigits": "7005",
      "month": 9,
      "year": 2027
    },
    {
      "id": "1072347839",
      "issuer": "amex",
      "lastDigits": "7005",
      "month": 9,
      "year": 2027
    },
    {
      "id": "1069662424",
      "issuer": "amex",
      "lastDigits": "6007",
      "month": 9,
      "year": 2025
    },
    {
      "id": "1067099494",
      "issuer": "American Express",
      "lastDigits": "2006",
      "month": 10,
      "year": 2020
    }
  ],
  "profile": {
    "firebaseUid": "1070704423",
    "guestId": null,
    "email": "42pp8tx7@punkproof.com"
  }
}