{
  "email": "aitke12@yahoo.com",
  "password": "imaching",
  "custom_name": "aitke12",
  "login_status": true,
  "address": [
    {
      "address1": "608 Lost Key Dr Unit 502C",
      "address2": "",
      "city": "Pensacola",
      "countryIso": "US",
      "country": "United States",
      "firstName": "Cohesive",
      "fiscalCode": null,
      "id": "1080185281",
      "name": "Cohesive Fusion",
      "phone": "",
      "stateAbbr": "FL",
      "zipCode": "32507"
    },
    {
      "address1": "608 Lost Key Dr Unit 502C",
      "address2": null,
      "city": "Pensacola",
      "countryIso": "US",
      "country": "United States",
      "firstName": null,
      "fiscalCode": null,
      "id": "1083548622",
      "name": "Cohesive Fusion",
      "phone": null,
      "stateAbbr": "FL",
      "zipCode": "32507"
    },
    {
      "address1": "608 Lost Key Dr Unit 502C",
      "address2": null,
      "city": "Pensacola",
      "countryIso": "US",
      "country": "United States",
      "firstName": null,
      "fiscalCode": null,
      "id": "1090243693",
      "name": "Cohesive Fusion",
      "phone": null,
      "stateAbbr": "FL",
      "zipCode": "32507"
    }
  ],
  "payment": [
    {
      "id": "1072420308",
      "issuer": "mastercard",
      "lastDigits": "6893",
      "month": 3,
      "year": 2028
    }
  ],
  "profile": {
    "firebaseUid": "VE2bq5XLWpY6uDNdQn03gMbw8Du2",
    "guestId": null,
    "email": "aitke12@yahoo.com"
  }
}