{
  "email": "arieloriel@gmail.com",
  "password": "Ao512137",
  "custom_name": "arieloriel",
  "login_status": true,
  "address": [
    {
      "address1": "233 Wavecrest Avenue",
      "address2": null,
      "city": "Santa Cruz",
      "countryIso": "US",
      "country": "United States",
      "firstName": null,
      "fiscalCode": null,
      "id": "1089507534",
      "name": "Ariel Oriel",
      "phone": "6507939103",
      "stateAbbr": "CA",
      "zipCode": "95060"
    }
  ],
  "payment": [
    {
      "id": "1075285998",
      "issuer": "visa",
      "lastDigits": "8750",
      "month": 6,
      "year": 2028
    }
  ],
  "profile": {
    "firebaseUid": "qzLRL5A2yRhxt974BvUvyPqGK592",
    "guestId": null,
    "email": "arieloriel@gmail.com"
  }
}