{
  "email": "blarnoldi@hotmail.com",
  "password": "Arnoldi23",
  "custom_name": "blarnoldi",
  "login_status": true,
  "address": [
    {
      "address1": "206 Tamarack Dr",
      "address2": null,
      "city": "Rock Springs",
      "countryIso": "US",
      "country": "United States",
      "firstName": null,
      "fiscalCode": null,
      "id": "1087290988",
      "name": "Brady arnoldi",
      "phone": null,
      "stateAbbr": "WY",
      "zipCode": "82901"
    },
    {
      "address1": "206 Tamarack Dr",
      "address2": null,
      "city": "Rock Springs",
      "countryIso": "US",
      "country": "United States",
      "firstName": null,
      "fiscalCode": null,
      "id": "1087313521",
      "name": "Brady arnoldi",
      "phone": null,
      "stateAbbr": "WY",
      "zipCode": "82901"
    },
    {
      "address1": "206 Tamarack Dr",
      "address2": null,
      "city": "Rock Springs",
      "countryIso": "US",
      "country": "United States",
      "firstName": null,
      "fiscalCode": null,
      "id": "1087313522",
      "name": "Brady arnoldi",
      "phone": null,
      "stateAbbr": "WY",
      "zipCode": "82901"
    }
  ],
  "payment": [
    {
      "id": "1074222506",
      "issuer": "mastercard",
      "lastDigits": "0039",
      "month": 10,
      "year": 2028
    }
  ],
  "profile": {
    "firebaseUid": "mKpsM3VlM9M3SvPKOhjooHC9GeI3",
    "guestId": null,
    "email": "blarnoldi@hotmail.com"
  }
}