{
  "email": "chelsealane@comcast.net",
  "password": "Springhill5",
  "custom_name": "chelsealane",
  "login_status": true,
  "address": [
    {
      "address1": "501 Fern St Ste 102",
      "address2": "",
      "city": "West Palm Beach",
      "countryIso": "US",
      "country": "United States",
      "firstName": "Chelsea",
      "fiscalCode": null,
      "id": "1077025450",
      "name": "Chelsea Viau",
      "phone": "",
      "stateAbbr": "FL",
      "zipCode": "33401"
    },
    {
      "address1": "5710 S Dixie Hwy",
      "address2": null,
      "city": "West Palm Beach",
      "countryIso": "US",
      "country": "United States",
      "firstName": null,
      "fiscalCode": null,
      "id": "1083186937",
      "name": "Chelsea VIau",
      "phone": null,
      "stateAbbr": "FL",
      "zipCode": "33405"
    }
  ],
  "payment": [
    {
      "id": "1069976870",
      "issuer": "amex",
      "lastDigits": "2005",
      "month": 12,
      "year": 2025
    }
  ],
  "profile": {
    "firebaseUid": "1072585089",
    "guestId": null,
    "email": "chelsealane@comcast.net"
  }
}