{
  "email": "chelseyputnam@hotmail.com",
  "password": "CP0985",
  "custom_name": "chelseyputnam",
  "login_status": true,
  "address": [
    {
      "address1": "741 Woodruff Road",
      "address2": "Apt. 2516",
      "city": "Greenville",
      "countryIso": "US",
      "country": "United States",
      "firstName": "Vitaly",
      "fiscalCode": null,
      "id": "1077433494",
      "name": "Chelsey Melnik",
      "phone": "",
      "stateAbbr": "SC",
      "zipCode": "29607"
    },
    {
      "address1": "1401 LEVIS SMITH RD",
      "address2": "",
      "city": "Pendleton",
      "countryIso": "US",
      "country": "United States",
      "firstName": "Chelsey",
      "fiscalCode": null,
      "id": "1080877103",
      "name": "Chelsey Melnik",
      "phone": "",
      "stateAbbr": "SC",
      "zipCode": "29670"
    },
    {
      "address1": "1401 LEVIS SMITH RD",
      "address2": null,
      "city": "Pendleton",
      "countryIso": "US",
      "country": "United States",
      "firstName": null,
      "fiscalCode": null,
      "id": "1083935077",
      "name": "Chelsey Melnik",
      "phone": null,
      "stateAbbr": "SC",
      "zipCode": "29670"
    },
    {
      "address1": "1401 LEVIS SMITH RD",
      "address2": null,
      "city": "Pendleton",
      "countryIso": "US",
      "country": "United States",
      "firstName": null,
      "fiscalCode": null,
      "id": "1084117770",
      "name": "Chelsey Melnik",
      "phone": null,
      "stateAbbr": "SC",
      "zipCode": "29670"
    },
    {
      "address1": "1401 LEVIS SMITH RD",
      "address2": null,
      "city": "Pendleton",
      "countryIso": "US",
      "country": "United States",
      "firstName": null,
      "fiscalCode": null,
      "id": "1085001574",
      "name": "Chelsey Melnik",
      "phone": null,
      "stateAbbr": "SC",
      "zipCode": "29670"
    },
    {
      "address1": "1401 LEVIS SMITH RD",
      "address2": null,
      "city": "Pendleton",
      "countryIso": "US",
      "country": "United States",
      "firstName": null,
      "fiscalCode": null,
      "id": "1085400001",
      "name": "Chelsey Melnik",
      "phone": null,
      "stateAbbr": "SC",
      "zipCode": "29670"
    },
    {
      "address1": "1401 LEVIS SMITH RD",
      "address2": null,
      "city": "Pendleton",
      "countryIso": "US",
      "country": "United States",
      "firstName": null,
      "fiscalCode": null,
      "id": "1085512118",
      "name": "Chelsey Melnik",
      "phone": null,
      "stateAbbr": "SC",
      "zipCode": "29670"
    },
    {
      "address1": "1401 LEVIS SMITH RD",
      "address2": null,
      "city": "Pendleton",
      "countryIso": "US",
      "country": "United States",
      "firstName": null,
      "fiscalCode": null,
      "id": "1086640470",
      "name": "Chelsey Melnik",
      "phone": null,
      "stateAbbr": "SC",
      "zipCode": "29670"
    },
    {
      "address1": "1401 LEVIS SMITH RD",
      "address2": null,
      "city": "Pendleton",
      "countryIso": "US",
      "country": "United States",
      "firstName": null,
      "fiscalCode": null,
      "id": "1086681350",
      "name": "Chelsey Melnik",
      "phone": null,
      "stateAbbr": "SC",
      "zipCode": "29670"
    },
    {
      "address1": "1401 LEVIS SMITH RD",
      "address2": null,
      "city": "Pendleton",
      "countryIso": "US",
      "country": "United States",
      "firstName": null,
      "fiscalCode": null,
      "id": "1087449759",
      "name": "Chelsey Melnik",
      "phone": null,
      "stateAbbr": "SC",
      "zipCode": "29670"
    }
  ],
  "payment": [
    {
      "id": "1071720769",
      "issuer": "visa",
      "lastDigits": "0422",
      "month": 6,
      "year": 2026
    }
  ],
  "profile": {
    "firebaseUid": "1072166022",
    "guestId": null,
    "email": "chelseyputnam@hotmail.com"
  }
}