{
  "email": "corie@eurekaranch.com",
  "password": "annecorinne",
  "custom_name": "corie",
  "login_status": true,
  "address": [
    {
      "address1": "5598 NAOMI DR",
      "address2": "",
      "city": "Milford",
      "countryIso": "US",
      "country": "United States",
      "firstName": null,
      "fiscalCode": null,
      "id": "1078127583",
      "name": "CORINNE SPIALEK",
      "phone": "",
      "stateAbbr": "OH",
      "zipCode": "45150"
    },
    {
      "address1": "3849 Edwards Road",
      "address2": "Eureka Ranch",
      "city": "Cincinnati",
      "countryIso": "US",
      "country": "United States",
      "firstName": "",
      "fiscalCode": null,
      "id": "1081349838",
      "name": "Corie Spialek",
      "phone": "",
      "stateAbbr": "OH",
      "zipCode": "45244"
    }
  ],
  "payment": [
    {
      "id": "1071500962",
      "issuer": "amex",
      "lastDigits": "4014",
      "month": 8,
      "year": 2024
    },
    {
      "id": "1069869900",
      "issuer": "visa",
      "lastDigits": "0585",
      "month": 3,
      "year": 2022
    }
  ],
  "profile": {
    "firebaseUid": "1070905714",
    "guestId": null,
    "email": "corie@eurekaranch.com"
  }
}