{
  "email": "dlynnep@gmail.com",
  "password": "d23232323",
  "custom_name": "dlynnep",
  "login_status": true,
  "address": [
    {
      "address1": "75 5th St NW",
      "address2": "",
      "city": "Atlanta",
      "countryIso": "US",
      "country": "United States",
      "firstName": "Chase",
      "fiscalCode": null,
      "id": "1078429359",
      "name": "Chase Reineke",
      "phone": "",
      "stateAbbr": "GA",
      "zipCode": "30308"
    }
  ],
  "payment": [
    {
      "id": "1070547814",
      "issuer": "amex",
      "lastDigits": "1011",
      "month": 5,
      "year": 2025
    },
    {
      "id": "1070035351",
      "issuer": "visa",
      "lastDigits": "0414",
      "month": 3,
      "year": 2022
    }
  ],
  "profile": {
    "firebaseUid": "1070939739",
    "guestId": null,
    "email": "dlynnep@gmail.com"
  }
}