{
  "email": "dwright@vmproducts.com",
  "password": "Rathead1129",
  "custom_name": "dwright",
  "login_status": true,
  "address": [
    {
      "address1": "P.O. Box 211385",
      "address2": "",
      "city": "Bedford",
      "countryIso": "US",
      "country": "United States",
      "firstName": "Debra",
      "fiscalCode": null,
      "id": "1078169263",
      "name": "Debra Oprea-Wright",
      "phone": "",
      "stateAbbr": "TX",
      "zipCode": "76095"
    },
    {
      "address1": "709 109th St",
      "address2": "",
      "city": "Arlington",
      "countryIso": "US",
      "country": "United States",
      "firstName": "Ethan",
      "fiscalCode": null,
      "id": "1079759315",
      "name": "Ethan Vickery",
      "phone": "",
      "stateAbbr": "TX",
      "zipCode": "76011"
    },
    {
      "address1": "621 109th Street",
      "address2": null,
      "city": "Arlington",
      "countryIso": "US",
      "country": "United States",
      "firstName": null,
      "fiscalCode": null,
      "id": "1087499580",
      "name": "Trevor Case",
      "phone": null,
      "stateAbbr": "TX",
      "zipCode": "76011"
    },
    {
      "address1": "621 109th Street",
      "address2": null,
      "city": "Arlington",
      "countryIso": "US",
      "country": "United States",
      "firstName": null,
      "fiscalCode": null,
      "id": "1088501976",
      "name": "Ethan Vickery",
      "phone": "18172963508",
      "stateAbbr": "TX",
      "zipCode": "76011"
    }
  ],
  "payment": [
    {
      "id": "1069888047",
      "issuer": "amex",
      "lastDigits": "1035",
      "month": 6,
      "year": 2025
    }
  ],
  "profile": {
    "firebaseUid": "0PYdcoFOAETnnqQKhh2BsFkDtf23",
    "guestId": null,
    "email": "dwright@vmproducts.com"
  }
}