{
  "email": "bvdy72tg@questtechsystems.com",
  "password": "jancok123",
  "custom_name": "grahamcopeland",
  "login_status": true,
  "address": [
    {
      "address1": "505 Porter St Apt 1021",
      "address2": "",
      "city": "Richmond",
      "countryIso": "US",
      "country": "United States",
      "firstName": "graham",
      "fiscalCode": null,
      "id": "1078983300",
      "name": "graham copeland",
      "phone": "",
      "stateAbbr": "VA",
      "zipCode": "23224"
    },
    {
      "address1": "2508 Porter Street",
      "address2": "",
      "city": "Richmond",
      "countryIso": "US",
      "country": "United States",
      "firstName": "graham",
      "fiscalCode": null,
      "id": "1081305009",
      "name": "graham copeland",
      "phone": "",
      "stateAbbr": "VA",
      "zipCode": "23225"
    },
    {
      "address1": "8111 Ammonett Dr",
      "address2": null,
      "city": "Richmond",
      "countryIso": "US",
      "country": "United States",
      "firstName": null,
      "fiscalCode": null,
      "id": "1087301530",
      "name": "graham copeland",
      "phone": null,
      "stateAbbr": "VA",
      "zipCode": "23235"
    }
  ],
  "payment": [
    {
      "id": "1074227748",
      "issuer": "amex",
      "lastDigits": "5006",
      "month": 1,
      "year": 2029
    },
    {
      "id": "1070270289",
      "issuer": "amex",
      "lastDigits": "2003",
      "month": 2,
      "year": 2026
    }
  ],
  "profile": {
    "firebaseUid": "1072478365",
    "guestId": null,
    "email": "grahamcopeland@gmail.com"
  }
}