{
  "email": "hbenton17@comcast.net",
  "password": "Shortbread53!",
  "custom_name": "hbenton17",
  "login_status": true,
  "address": [
    {
      "address1": "7238 W Adriatic Cir",
      "address2": null,
      "city": "Denver",
      "countryIso": "US",
      "country": "United States",
      "firstName": null,
      "fiscalCode": null,
      "id": "1090342673",
      "name": "Heather Benton",
      "phone": null,
      "stateAbbr": "CO",
      "zipCode": "80227"
    },
    {
      "address1": "7238 W Adriatic Cir",
      "address2": null,
      "city": "Denver",
      "countryIso": "US",
      "country": "United States",
      "firstName": null,
      "fiscalCode": null,
      "id": "1090343096",
      "name": "Heather Benton",
      "phone": null,
      "stateAbbr": "CO",
      "zipCode": "80227"
    }
  ],
  "payment": [
    {
      "id": "1075729393",
      "issuer": "visa",
      "lastDigits": "7336",
      "month": 8,
      "year": 2028
    }
  ],
  "profile": {
    "firebaseUid": "XeTVS431Mye9STPDzq0SPQwyWgo2",
    "guestId": null,
    "email": "hbenton17@comcast.net"
  }
}