{
  "email": "info@edosorio.com",
  "password": "santojesus",
  "custom_name": "info",
  "login_status": true,
  "address": [
    {
      "address1": "3645 Wood Point Way",
      "address2": "",
      "city": "Gainesville",
      "countryIso": "US",
      "country": "United States",
      "firstName": null,
      "fiscalCode": null,
      "id": "1080603806",
      "name": "Edwin  Osorio",
      "phone": "",
      "stateAbbr": "GA",
      "zipCode": "30507"
    }
  ],
  "payment": [
    {
      "id": "1071031750",
      "issuer": "amex",
      "lastDigits": "1004",
      "month": 6,
      "year": 2026
    }
  ],
  "profile": {
    "firebaseUid": "1071257089",
    "guestId": null,
    "email": "info@edosorio.com"
  }
}