{
  "email": "jjw4036@aol.com",
  "password": "Bugsbunny13",
  "custom_name": "jjw4036",
  "login_status": true,
  "address": [
    {
      "address1": "4419 White Plains Rd",
      "address2": null,
      "city": "Bronx",
      "countryIso": "US",
      "country": "United States",
      "firstName": null,
      "fiscalCode": null,
      "id": "1090036387",
      "name": "Mugzy MCFLY",
      "phone": null,
      "stateAbbr": "NY",
      "zipCode": "10470"
    }
  ],
  "payment": [],
  "profile": {
    "firebaseUid": "NaQiQT4LXLMWVeQgav1zvW65oEg2",
    "guestId": null,
    "email": "jjw4036@aol.com"
  }
}