{
  "email": "jntroxell@gmail.com",
  "password": "Angels8!",
  "custom_name": "jntroxell",
  "login_status": true,
  "address": [
    {
      "address1": "226 Cottonwood St N",
      "address2": "",
      "city": "Oceanside",
      "countryIso": "US",
      "country": "United States",
      "firstName": null,
      "fiscalCode": null,
      "id": "1081154357",
      "name": "Jenn Taylor",
      "phone": "",
      "stateAbbr": "CA",
      "zipCode": "92058"
    }
  ],
  "payment": [
    {
      "id": "1071329073",
      "issuer": "amex",
      "lastDigits": "1014",
      "month": 1,
      "year": 2027
    }
  ],
  "profile": {
    "firebaseUid": "mFQQwV17cDZaIKpiUkFzSFq502M2",
    "guestId": null,
    "email": "jntroxell@gmail.com"
  }
}