{
  "email": "justin@hpgmedia.com",
  "password": "idontknow1",
  "custom_name": "justin",
  "login_status": true,
  "address": [
    {
      "address1": "108 Fieldview Dr.",
      "address2": "",
      "city": "Crandall",
      "countryIso": "US",
      "country": "United States",
      "firstName": "Justin",
      "fiscalCode": null,
      "id": "1075387492",
      "name": "Justin Wegner",
      "phone": null,
      "stateAbbr": "TX",
      "zipCode": "75114"
    },
    {
      "address1": "16128 Farm to Market 548",
      "address2": "",
      "city": "Forney",
      "countryIso": "US",
      "country": "United States",
      "firstName": "Justin",
      "fiscalCode": null,
      "id": "1081310962",
      "name": "Justin Wegner",
      "phone": "",
      "stateAbbr": "TX",
      "zipCode": "75126"
    },
    {
      "address1": "16128 Farm to Market 548",
      "address2": "",
      "city": "Forney",
      "countryIso": "US",
      "country": "United States",
      "firstName": "",
      "fiscalCode": null,
      "id": "1081375041",
      "name": "Justin Wegner",
      "phone": "",
      "stateAbbr": "TX",
      "zipCode": "75126"
    },
    {
      "address1": "108 Fieldview Dr",
      "address2": "",
      "city": "Crandall",
      "countryIso": "US",
      "country": "United States",
      "firstName": "Justin",
      "fiscalCode": null,
      "id": "1082894527",
      "name": "Justin Wegner",
      "phone": "",
      "stateAbbr": "TX",
      "zipCode": "75114"
    }
  ],
  "payment": [
    {
      "id": "1075717705",
      "issuer": "amex",
      "lastDigits": "2006",
      "month": 3,
      "year": 2030
    },
    {
      "id": "1074387779",
      "issuer": "visa",
      "lastDigits": "1662",
      "month": 7,
      "year": 2028
    },
    {
      "id": "1070048926",
      "issuer": "amex",
      "lastDigits": "1016",
      "month": 1,
      "year": 2026
    },
    {
      "id": "1069961861",
      "issuer": "visa",
      "lastDigits": "1662",
      "month": 7,
      "year": 2023
    },
    {
      "id": "1068522712",
      "issuer": "visa",
      "lastDigits": "2939",
      "month": 4,
      "year": 2021
    },
    {
      "id": "1068267491",
      "issuer": "Visa",
      "lastDigits": "1662",
      "month": 7,
      "year": 2023
    },
    {
      "id": "1068232088",
      "issuer": "MasterCard",
      "lastDigits": "3285",
      "month": 8,
      "year": 2022
    }
  ],
  "profile": {
    "firebaseUid": "1071682910",
    "guestId": null,
    "email": "justin@hpgmedia.com"
  }
}