{
  "email": "karen@woodstockmarket.com",
  "password": "Market5500",
  "custom_name": "karen",
  "login_status": true,
  "address": [
    {
      "address1": "5500 Bells Ferry Rd.",
      "address2": "",
      "city": "Acworth",
      "countryIso": "US",
      "country": "United States",
      "firstName": "Karen",
      "fiscalCode": null,
      "id": "1078101768",
      "name": "Karen Bennett",
      "phone": "",
      "stateAbbr": "GA",
      "zipCode": "30102"
    }
  ],
  "payment": [
    {
      "id": "1069857876",
      "issuer": "amex",
      "lastDigits": "1008",
      "month": 5,
      "year": 2025
    }
  ],
  "profile": {
    "firebaseUid": "6povfj17HoM3dQ8EvbsAwLSUEK13",
    "guestId": null,
    "email": "karen@woodstockmarket.com"
  }
}