{
  "email": "ma82iyqh@pastryofistanbul.com",
  "password": "jancok123",
  "custom_name": "schweerfamily",
  "login_status": true,
  "address": [
    {
      "address1": "15009 W 101ST TER",
      "address2": "",
      "city": "Lenexa",
      "countryIso": "US",
      "country": "United States",
      "firstName": null,
      "fiscalCode": null,
      "id": "1081834735",
      "name": "Amy Schweer",
      "phone": "",
      "stateAbbr": "KS",
      "zipCode": "66215"
    },
    {
      "address1": "15009 W 101ST TER",
      "address2": "",
      "city": "Lenexa",
      "countryIso": "US",
      "country": "United States",
      "firstName": "Amy",
      "fiscalCode": null,
      "id": "1081834736",
      "name": "Amy Schweer",
      "phone": "",
      "stateAbbr": "KS",
      "zipCode": "66215"
    },
    {
      "address1": "15009 W 101ST TER",
      "address2": null,
      "city": "Lenexa",
      "countryIso": "US",
      "country": "United States",
      "firstName": null,
      "fiscalCode": null,
      "id": "1083368061",
      "name": "Amy Schweer",
      "phone": null,
      "stateAbbr": "KS",
      "zipCode": "66215"
    },
    {
      "address1": "15009 W 101ST TER",
      "address2": null,
      "city": "Lenexa",
      "countryIso": "US",
      "country": "United States",
      "firstName": null,
      "fiscalCode": null,
      "id": "1084810914",
      "name": "Amy Schweer",
      "phone": null,
      "stateAbbr": "KS",
      "zipCode": "66215"
    },
    {
      "address1": "15009 W 101ST TER",
      "address2": null,
      "city": "Lenexa",
      "countryIso": "US",
      "country": "United States",
      "firstName": null,
      "fiscalCode": null,
      "id": "1084898680",
      "name": "Amy Schweer",
      "phone": null,
      "stateAbbr": "KS",
      "zipCode": "66215"
    },
    {
      "address1": "15009 W 101ST TER",
      "address2": null,
      "city": "Lenexa",
      "countryIso": "US",
      "country": "United States",
      "firstName": null,
      "fiscalCode": null,
      "id": "1085055268",
      "name": "Amy Schweer",
      "phone": null,
      "stateAbbr": "KS",
      "zipCode": "66215"
    },
    {
      "address1": "15009 W 101ST TER",
      "address2": "",
      "city": "Lenexa",
      "countryIso": "US",
      "country": "United States",
      "firstName": null,
      "fiscalCode": null,
      "id": "1085057750",
      "name": "Amy Schweer",
      "phone": "",
      "stateAbbr": "KS",
      "zipCode": "66215"
    },
    {
      "address1": "18508 Spruce St",
      "address2": null,
      "city": "Gardner",
      "countryIso": "US",
      "country": "United States",
      "firstName": null,
      "fiscalCode": null,
      "id": "1086823450",
      "name": "Amy Schweer",
      "phone": null,
      "stateAbbr": "KS",
      "zipCode": "66030"
    },
    {
      "address1": "18508 Spruce St",
      "address2": null,
      "city": "Gardner",
      "countryIso": "US",
      "country": "United States",
      "firstName": null,
      "fiscalCode": null,
      "id": "1086823477",
      "name": "Amy Schweer",
      "phone": null,
      "stateAbbr": "KS",
      "zipCode": "66030"
    }
  ],
  "payment": [
    {
      "id": "1074466580",
      "issuer": "visa",
      "lastDigits": "0158",
      "month": 10,
      "year": 2028
    },
    {
      "id": "1072539911",
      "issuer": "visa",
      "lastDigits": "1113",
      "month": 4,
      "year": 2027
    }
  ],
  "profile": {
    "firebaseUid": "1071270006",
    "guestId": null,
    "email": "ma82iyqh@pastryofistanbul.com"
  }
}