{
  "email": "mar.cbajo19@gmail.com",
  "password": "cardenete3",
  "custom_name": "mar.cbajo19",
  "login_status": true,
  "address": [
    {
      "address1": "Avinguda Periodista Rodolfo de Salazar 64, 7A",
      "address2": null,
      "city": "Alicante",
      "countryIso": "ES",
      "country": "Spain",
      "firstName": "Mar",
      "fiscalCode": null,
      "id": "1083732457",
      "name": "Mar Cardenete",
      "phone": "652 26 10 63",
      "stateAbbr": null,
      "zipCode": "03013"
    }
  ],
  "payment": [],
  "profile": {
    "firebaseUid": "h2p6VuOtH6YBaHdjthhjb2alKEn2",
    "guestId": null,
    "email": "mar.cbajo19@gmail.com"
  }
}