{
  "email": "miketumlin@hotmail.com",
  "password": "tumlin16",
  "custom_name": "miketumlin",
  "login_status": true,
  "address": [
    {
      "address1": "CMR 415 Box 8205",
      "address2": "",
      "city": "APO",
      "countryIso": "US",
      "country": "United States",
      "firstName": null,
      "fiscalCode": null,
      "id": "1077685187",
      "name": "Michael P Tumlin",
      "phone": "",
      "stateAbbr": "AE",
      "zipCode": "09114"
    },
    {
      "address1": "84 Kimbro Street",
      "address2": "Fort Carson, CO",
      "city": "Colorado Springs",
      "countryIso": "US",
      "country": "United States",
      "firstName": "",
      "fiscalCode": null,
      "id": "1079973144",
      "name": "Mike Tumlin",
      "phone": "",
      "stateAbbr": "CO",
      "zipCode": "80902"
    },
    {
      "address1": "743A Craig Rd",
      "address2": null,
      "city": "Carlisle",
      "countryIso": "US",
      "country": "United States",
      "firstName": null,
      "fiscalCode": null,
      "id": "1086876904",
      "name": "Mike Tumlin",
      "phone": null,
      "stateAbbr": "PA",
      "zipCode": "17013"
    }
  ],
  "payment": [
    {
      "id": "1070727188",
      "issuer": "amex",
      "lastDigits": "2005",
      "month": 8,
      "year": 2025
    }
  ],
  "profile": {
    "firebaseUid": "1072505158",
    "guestId": null,
    "email": "miketumlin@hotmail.com"
  }
}