{
  "email": "mr.moleman@gmail.com",
  "password": "nicolas12",
  "custom_name": "mr.moleman",
  "login_status": true,
  "address": [
    {
      "address1": "Hirschstr. 25",
      "address2": "",
      "city": "Oberhausen",
      "countryIso": "DE",
      "country": "Germany",
      "firstName": "Nicolas",
      "fiscalCode": null,
      "id": "1080051427",
      "name": "Nicolas Sonnabend",
      "phone": "492086981320",
      "stateAbbr": null,
      "zipCode": "46145"
    }
  ],
  "payment": [],
  "profile": {
    "firebaseUid": "1071297336",
    "guestId": null,
    "email": "mr.moleman@gmail.com"
  }
}