{
  "email": "nmrodger@gmail.com",
  "password": "password3",
  "custom_name": "nmrodger",
  "login_status": true,
  "address": [
    {
      "address1": "813 Fall River Trail",
      "address2": "",
      "city": "Vacaville",
      "countryIso": "US",
      "country": "United States",
      "firstName": "Nicole",
      "fiscalCode": null,
      "id": "1081084860",
      "name": "Nicole Rodgers",
      "phone": "",
      "stateAbbr": "CA",
      "zipCode": "95687"
    },
    {
      "address1": "813 Fall River Trail",
      "address2": null,
      "city": "Vacaville",
      "countryIso": "US",
      "country": "United States",
      "firstName": null,
      "fiscalCode": null,
      "id": "1087468864",
      "name": "Nicole Rodgers",
      "phone": null,
      "stateAbbr": "CA",
      "zipCode": "95687"
    },
    {
      "address1": "813 Fall River Trail",
      "address2": null,
      "city": "Vacaville",
      "countryIso": "US",
      "country": "United States",
      "firstName": null,
      "fiscalCode": null,
      "id": "1087902719",
      "name": "Nicole Rodgers",
      "phone": null,
      "stateAbbr": "CA",
      "zipCode": "95687"
    },
    {
      "address1": "813 Fall River Trail",
      "address2": null,
      "city": "Vacaville",
      "countryIso": "US",
      "country": "United States",
      "firstName": null,
      "fiscalCode": null,
      "id": "1088055488",
      "name": "Nicole Rodgers",
      "phone": null,
      "stateAbbr": "CA",
      "zipCode": "95687"
    },
    {
      "address1": "813 Fall River Trail",
      "address2": null,
      "city": "Vacaville",
      "countryIso": "US",
      "country": "United States",
      "firstName": null,
      "fiscalCode": null,
      "id": "1088467421",
      "name": "Nicole Rodgers",
      "phone": null,
      "stateAbbr": "CA",
      "zipCode": "95687"
    },
    {
      "address1": "813 Fall River Trail",
      "address2": null,
      "city": "Vacaville",
      "countryIso": "US",
      "country": "United States",
      "firstName": null,
      "fiscalCode": null,
      "id": "1089603607",
      "name": "Nicole Rodgers",
      "phone": null,
      "stateAbbr": "CA",
      "zipCode": "95687"
    },
    {
      "address1": "813 Fall River Trail",
      "address2": null,
      "city": "Vacaville",
      "countryIso": "US",
      "country": "United States",
      "firstName": null,
      "fiscalCode": null,
      "id": "1089690187",
      "name": "Nicole Rodgers",
      "phone": null,
      "stateAbbr": "CA",
      "zipCode": "95687"
    },
    {
      "address1": "813 Fall River Trail",
      "address2": null,
      "city": "Vacaville",
      "countryIso": "US",
      "country": "United States",
      "firstName": null,
      "fiscalCode": null,
      "id": "1089987509",
      "name": "Nicole Rodgers",
      "phone": null,
      "stateAbbr": "CA",
      "zipCode": "95687"
    },
    {
      "address1": "813 Fall River Trail",
      "address2": null,
      "city": "Vacaville",
      "countryIso": "US",
      "country": "United States",
      "firstName": null,
      "fiscalCode": null,
      "id": "1090268328",
      "name": "Nicole Rodgers",
      "phone": null,
      "stateAbbr": "CA",
      "zipCode": "95687"
    },
    {
      "address1": "813 Fall River Trail",
      "address2": null,
      "city": "Vacaville",
      "countryIso": "US",
      "country": "United States",
      "firstName": null,
      "fiscalCode": null,
      "id": "1090586195",
      "name": "Nicole Rodgers",
      "phone": null,
      "stateAbbr": "CA",
      "zipCode": "95687"
    },
    {
      "address1": "813 Fall River Trail",
      "address2": null,
      "city": "Vacaville",
      "countryIso": "US",
      "country": "United States",
      "firstName": null,
      "fiscalCode": null,
      "id": "1090651283",
      "name": "Nicole Rodgers",
      "phone": null,
      "stateAbbr": "CA",
      "zipCode": "95687"
    }
  ],
  "payment": [
    {
      "id": "1074298122",
      "issuer": "visa",
      "lastDigits": "4294",
      "month": 9,
      "year": 2028
    }
  ],
  "profile": {
    "firebaseUid": "zTMRFtmg0RY5ECuc5h10KZrT1yH2",
    "guestId": null,
    "email": "nmrodger@gmail.com"
  }
}