{
  "email": "nylahs12@hotmail.com",
  "password": "CNdfgpz3",
  "custom_name": "nylahs12",
  "login_status": true,
  "address": [
    {
      "address1": "32475 Temecula Pkwy",
      "address2": "",
      "city": "Temecula",
      "countryIso": "US",
      "country": "United States",
      "firstName": "Shalyn",
      "fiscalCode": null,
      "id": "1076999336",
      "name": "Shalyn Galindo",
      "phone": "",
      "stateAbbr": "CA",
      "zipCode": "92592"
    },
    {
      "address1": "16370 Grand Ave",
      "address2": "",
      "city": "Lake Elsinore",
      "countryIso": "US",
      "country": "United States",
      "firstName": "Shalgn",
      "fiscalCode": null,
      "id": "1079240625",
      "name": "Shalgn Galindo",
      "phone": "",
      "stateAbbr": "CA",
      "zipCode": "92530"
    },
    {
      "address1": "32475 Temecula Pkwy Suite G102",
      "address2": null,
      "city": "Temecula",
      "countryIso": "US",
      "country": "United States",
      "firstName": null,
      "fiscalCode": null,
      "id": "1085104445",
      "name": "Shalyn Galindo",
      "phone": null,
      "stateAbbr": "CA",
      "zipCode": "92592"
    },
    {
      "address1": "16370 Grand Ave",
      "address2": null,
      "city": "Lake Elsinore",
      "countryIso": "US",
      "country": "United States",
      "firstName": null,
      "fiscalCode": null,
      "id": "1087781844",
      "name": "Shalyn Galindo",
      "phone": null,
      "stateAbbr": "CA",
      "zipCode": "92530"
    },
    {
      "address1": "16370 Grand Ave",
      "address2": null,
      "city": "Lake Elsinore",
      "countryIso": "US",
      "country": "United States",
      "firstName": null,
      "fiscalCode": null,
      "id": "1088037850",
      "name": "Shalyn Galindo",
      "phone": null,
      "stateAbbr": "CA",
      "zipCode": "92530"
    },
    {
      "address1": "16370 Grand Ave",
      "address2": null,
      "city": "Lake Elsinore",
      "countryIso": "US",
      "country": "United States",
      "firstName": null,
      "fiscalCode": null,
      "id": "1088883838",
      "name": "Shalyn Galindo",
      "phone": null,
      "stateAbbr": "CA",
      "zipCode": "92530"
    },
    {
      "address1": "16370 Grand Ave",
      "address2": null,
      "city": "Lake Elsinore",
      "countryIso": "US",
      "country": "United States",
      "firstName": null,
      "fiscalCode": null,
      "id": "1090334390",
      "name": "Shalyn Galindo",
      "phone": null,
      "stateAbbr": "CA",
      "zipCode": "92530"
    },
    {
      "address1": "16370 Grand Ave",
      "address2": null,
      "city": "Lake Elsinore",
      "countryIso": "US",
      "country": "United States",
      "firstName": null,
      "fiscalCode": null,
      "id": "1090434270",
      "name": "Shalyn Galindo",
      "phone": null,
      "stateAbbr": "CA",
      "zipCode": "92530"
    }
  ],
  "payment": [
    {
      "id": "1075724960",
      "issuer": "visa",
      "lastDigits": "8343",
      "month": 12,
      "year": 2029
    },
    {
      "id": "1072835380",
      "issuer": "visa",
      "lastDigits": "6694",
      "month": 7,
      "year": 2028
    },
    {
      "id": "1070985539",
      "issuer": "visa",
      "lastDigits": "8374",
      "month": 8,
      "year": 2025
    },
    {
      "id": "1069312996",
      "issuer": "visa",
      "lastDigits": "8374",
      "month": 8,
      "year": 2025
    }
  ],
  "profile": {
    "firebaseUid": "pfR9JPOYbkXEpDzdsfTnGvZY5NW2",
    "guestId": null,
    "email": "nylahs12@hotmail.com"
  }
}