{
  "email": "tw7dgraz@punkproof.com",
  "password": "jancok123",
  "custom_name": "revyoda",
  "login_status": true,
  "address": [
    {
      "address1": "3121 N Hearthside St",
      "address2": "",
      "city": "Orange",
      "countryIso": "US",
      "country": "United States",
      "firstName": "",
      "fiscalCode": null,
      "id": "1081818929",
      "name": "Lee Yates",
      "phone": "",
      "stateAbbr": "CA",
      "zipCode": "92865"
    }
  ],
  "payment": [
    {
      "id": "1074823186",
      "issuer": "visa",
      "lastDigits": "6946",
      "month": 8,
      "year": 2029
    },
    {
      "id": "1074384357",
      "issuer": "visa",
      "lastDigits": "5282",
      "month": 1,
      "year": 2029
    },
    {
      "id": "1073651036",
      "issuer": "visa",
      "lastDigits": "5856",
      "month": 4,
      "year": 2027
    }
  ],
  "profile": {
    "firebaseUid": "1072007422",
    "guestId": null,
    "email": "revyoda@hotmail.com"
  }
}