{
  "email": "s.chernault@eddyalexander.com",
  "password": "Letmein1!",
  "custom_name": "s.chernault",
  "login_status": true,
  "address": [
    {
      "address1": "611 S Jefferson St suite g",
      "address2": "",
      "city": "Roanoke",
      "countryIso": "US",
      "country": "United States",
      "firstName": null,
      "fiscalCode": null,
      "id": "1081868452",
      "name": "Sydni Chernault",
      "phone": "",
      "stateAbbr": "VA",
      "zipCode": "24011"
    }
  ],
  "payment": [
    {
      "id": "1071779472",
      "issuer": "amex",
      "lastDigits": "1011",
      "month": 12,
      "year": 2023
    }
  ],
  "profile": {
    "firebaseUid": "Q1kHxL3FcVU6ykU3zHs3lVgY91V2",
    "guestId": null,
    "email": "s.chernault@eddyalexander.com"
  }
}