{
  "email": "sg_mota@aol.com",
  "password": "Tweety09",
  "custom_name": "sg_mota",
  "login_status": true,
  "address": [
    {
      "address1": "5408 FL-674",
      "address2": "",
      "city": "Wimauma",
      "countryIso": "US",
      "country": "United States",
      "firstName": null,
      "fiscalCode": null,
      "id": "1080230353",
      "name": "Stephanie Mota",
      "phone": "",
      "stateAbbr": "FL",
      "zipCode": "33598"
    },
    {
      "address1": "3420 NW 5th Pl",
      "address2": "",
      "city": "Lauderhill",
      "countryIso": "US",
      "country": "United States",
      "firstName": "",
      "fiscalCode": null,
      "id": "1082571452",
      "name": "Stephanie Gabriella Mota",
      "phone": "",
      "stateAbbr": "FL",
      "zipCode": "33311"
    }
  ],
  "payment": [
    {
      "id": "1072636269",
      "issuer": "amex",
      "lastDigits": "2008",
      "month": 6,
      "year": 2025
    }
  ],
  "profile": {
    "firebaseUid": "zDPfFWSl5EQTiTwoZin9z5N1RgC3",
    "guestId": null,
    "email": "sg_mota@aol.com"
  }
}