{
  "email": "soulshinegallery@hotmail.com",
  "password": "keller09",
  "custom_name": "soulshinegallery",
  "login_status": true,
  "address": [
    {
      "address1": "4415 Government Blvd",
      "address2": "",
      "city": "Mobile",
      "countryIso": "US",
      "country": "United States",
      "firstName": "Jennifer",
      "fiscalCode": null,
      "id": "1077527227",
      "name": "Jennifer White",
      "phone": null,
      "stateAbbr": "AL",
      "zipCode": "36693"
    },
    {
      "address1": "4415 Government Blvd",
      "address2": null,
      "city": "Mobile",
      "countryIso": "US",
      "country": "United States",
      "firstName": null,
      "fiscalCode": null,
      "id": "1085400630",
      "name": "Jennifer White",
      "phone": null,
      "stateAbbr": "AL",
      "zipCode": "36693"
    }
  ],
  "payment": [
    {
      "id": "1069776607",
      "issuer": "amex",
      "lastDigits": "4000",
      "month": 4,
      "year": 2024
    }
  ],
  "profile": {
    "firebaseUid": "1070724612",
    "guestId": null,
    "email": "soulshinegallery@hotmail.com"
  }
}