{
  "email": "srdsignage@gmail.com",
  "password": "42904290",
  "custom_name": "srdsignage",
  "login_status": true,
  "address": [
    {
      "address1": "10601G Tierrasanta Blvd # 258",
      "address2": null,
      "city": "San Diego",
      "countryIso": "US",
      "country": "United States",
      "firstName": "Stan",
      "fiscalCode": null,
      "id": "1080190407",
      "name": "Stan Roble",
      "phone": null,
      "stateAbbr": "CA",
      "zipCode": "92124"
    },
    {
      "address1": "10601G Tierrasanta Blvd # 258",
      "address2": null,
      "city": "San Diego",
      "countryIso": "US",
      "country": "United States",
      "firstName": null,
      "fiscalCode": null,
      "id": "1085901248",
      "name": "Stan Roble",
      "phone": null,
      "stateAbbr": "CA",
      "zipCode": "92124"
    }
  ],
  "payment": [
    {
      "id": "1068899183",
      "issuer": "amex",
      "lastDigits": "4003",
      "month": 12,
      "year": 2023
    }
  ],
  "profile": {
    "firebaseUid": "1070982478",
    "guestId": null,
    "email": "srdsignage@gmail.com"
  }
}