{
  "email": "bbd1hu00@pastryofistanbul.com",
  "password": "jancok123",
  "custom_name": "teddygerry292",
  "login_status": true,
  "address": [
    {
      "address1": "W14417 Vista View Ct",
      "address2": null,
      "city": "Prairie du Sac",
      "countryIso": "US",
      "country": "United States",
      "firstName": null,
      "fiscalCode": null,
      "id": "1085826056",
      "name": "Teddy Gerry",
      "phone": null,
      "stateAbbr": "WI",
      "zipCode": "53578"
    }
  ],
  "payment": [
    {
      "id": "1073673121",
      "issuer": "amex",
      "lastDigits": "3004",
      "month": 12,
      "year": 2028
    }
  ],
  "profile": {
    "firebaseUid": "Zdor7j4NjVZsYUAY8xt9p5miScv1",
    "guestId": null,
    "email": "teddygerry292@gmail.com"
  }
}