{
  "email": "teresa100@mac.com",
  "password": "Loraine40",
  "custom_name": "teresa100",
  "login_status": true,
  "address": [
    {
      "address1": "6425 Bonsall DRive",
      "address2": "",
      "city": "Malibu",
      "countryIso": "US",
      "country": "United States",
      "firstName": "Teresa",
      "fiscalCode": null,
      "id": "1079237185",
      "name": "Teresa Hebert",
      "phone": null,
      "stateAbbr": "CA",
      "zipCode": "90265"
    }
  ],
  "payment": [
    {
      "id": "1070421733",
      "issuer": "amex",
      "lastDigits": "7019",
      "month": 7,
      "year": 2026
    },
    {
      "id": "1070392948",
      "issuer": "visa",
      "lastDigits": "5911",
      "month": 7,
      "year": 2026
    },
    {
      "id": "1067270098",
      "issuer": "Visa",
      "lastDigits": "9591",
      "month": 12,
      "year": 2019
    },
    {
      "id": "1067131478",
      "issuer": "Visa",
      "lastDigits": "8571",
      "month": 11,
      "year": 2018
    }
  ],
  "profile": {
    "firebaseUid": "1070718629",
    "guestId": null,
    "email": "teresa100@mac.com"
  }
}