{
  "email": "tw7dgraz@punkproof.com",
  "password": "jancok123",
  "custom_name": "revyoda",
  "login_status": true,
  "address": [
    {
      "address1": "3121 N Hearthside St",
      "address2": "",
      "city": "Orange",
      "countryIso": "US",
      "country": "United States",
      "firstName": "",
      "fiscalCode": null,
      "id": "1081818928",
      "name": "Lee Yates",
      "phone": "",
      "stateAbbr": "CA",
      "zipCode": "92865"
    },
    {
      "address1": "3121 N Hearthside St",
      "address2": "",
      "city": "Orange",
      "countryIso": "US",
      "country": "United States",
      "firstName": "",
      "fiscalCode": null,
      "id": "1081818929",
      "name": "Lee Yates",
      "phone": "",
      "stateAbbr": "CA",
      "zipCode": "92865"
    },
    {
      "address1": "156 William St",
      "address2": null,
      "city": "New York",
      "countryIso": "US",
      "country": "United States",
      "firstName": null,
      "fiscalCode": null,
      "id": "1090627641",
      "name": "Lee Yates",
      "phone": null,
      "stateAbbr": "NY",
      "zipCode": "10038"
    }
  ],
  "payment": [],
  "profile": {
    "firebaseUid": "1072007422",
    "guestId": null,
    "email": "tw7dgraz@punkproof.com"
  }
}