[
  {
    "tokoh_name": "Komalley1281",
    "name": "PurgatorySticker",
    "product_name": "Floor graphics",
    "color": null,
    "height": 13.8395,
    "width": 45.5,
    "id": "4191737"
  },
  {
    "tokoh_name": "Komalley1281",
    "name": "Recess",
    "product_name": "Holographic stickers",
    "color": null,
    "height": 2.9642,
    "width": 3,
    "id": "16270614"
  },
  {
    "tokoh_name": "Komalley1281",
    "name": "The Warriors",
    "product_name": "Die cut stickers",
    "color": null,
    "height": 3,
    "width": 2.7392,
    "id": "583183"
  },
  {
    "tokoh_name": "Komalley1281",
    "name": "Griffin",
    "product_name": "Rectangle stickers",
    "color": null,
    "height": 5,
    "width": 3,
    "id": "583184"
  }
]