[
  {
    "tokoh_name": "PYLI GROUP LLC",
    "name": "PYLI Red Magnets 3x1.5",
    "product_name": "Custom magnets",
    "color": null,
    "height": 1.5,
    "width": 3,
    "id": "18311727"
  },
  {
    "tokoh_name": "PYLI GROUP LLC",
    "name": "PYLI Black Large Sticker",
    "product_name": "Die cut stickers",
    "color": null,
    "height": 3,
    "width": 7,
    "id": "14142313"
  },
  {
    "tokoh_name": "PYLI GROUP LLC",
    "name": "PYLI Red Mini Sticker",
    "product_name": "Rounded corner stickers",
    "color": null,
    "height": 1.5,
    "width": 3,
    "id": "12598909"
  },
  {
    "tokoh_name": "PYLI GROUP LLC",
    "name": "PYLI Black Mini Sticker",
    "product_name": "Rounded corner stickers",
    "color": null,
    "height": 1.5,
    "width": 3,
    "id": "12598910"
  }
]