[
  {
    "tokoh_name": "Cen10 Mock Trial ",
    "name": "Cen10 Mock Trial Full Logo T-shirt",
    "product_name": "Custom t-shirts",
    "color": "white",
    "height": 30,
    "width": 19.25,
    "id": "16293950"
  },
  {
    "tokoh_name": "Cen10 Mock Trial ",
    "name": "Cen10 Mock Trial Key Chain ",
    "product_name": "Custom keychains",
    "color": null,
    "height": 1.9791,
    "width": 2,
    "id": "16293865"
  },
  {
    "tokoh_name": "Cen10 Mock Trial ",
    "name": "Cen10 Mock Trial Buttons",
    "product_name": "1.25\" Round buttons",
    "color": null,
    "height": 1.25,
    "width": 1.25,
    "id": "14998803"
  },
  {
    "tokoh_name": "Cen10 Mock Trial ",
    "name": "Cen10 Mock Trial Chest Logo T-shirt",
    "product_name": "Custom t-shirts",
    "color": "white",
    "height": 30,
    "width": 19.25,
    "id": "14998804"
  },
  {
    "tokoh_name": "Cen10 Mock Trial ",
    "name": "Cen10 Mock Trial Stickers",
    "product_name": "Die cut stickers",
    "color": null,
    "height": 2.8965,
    "width": 3,
    "id": "14132070"
  },
  {
    "tokoh_name": "Cen10 Mock Trial ",
    "name": "Cen10 Mock Trial Stickers",
    "product_name": "Kiss cut stickers",
    "color": null,
    "height": 2.9038,
    "width": 3,
    "id": "16331204"
  },
  {
    "tokoh_name": "Cen10 Mock Trial ",
    "name": "Cen10 Mock Trial Custom Pin",
    "product_name": "Custom pins",
    "color": null,
    "height": 0.9676,
    "width": 1,
    "id": "16293949"
  }
]