{
  "email": "y3k6o8a9@punkproof.com",
  "password": "jancok123",
  "custom_name": "freedomoftime",
  "transactions": [
    {
      "date": "24 Juni 2025",
      "referredUserDisplayName": "Travis ",
      "status": "Pending",
      "amount": 115
    },
    {
      "date": "24 Juni 2025",
      "referredUserDisplayName": "Travis ",
      "status": "Pending",
      "amount": 144
    },
    {
      "date": "24 Juni 2025",
      "referredUserDisplayName": "Travis ",
      "status": "Pending",
      "amount": 34
    },
    {
      "date": "24 Juni 2025",
      "referredUserDisplayName": "Travis ",
      "status": "Pending",
      "amount": 189
    },
    {
      "date": "24 Juni 2025",
      "referredUserDisplayName": "Travis ",
      "status": "Pending",
      "amount": 144
    },
    {
      "date": "24 Juni 2025",
      "referredUserDisplayName": "Travis ",
      "status": "Pending",
      "amount": 136
    }
  ],
  "wallet": {
    "__typename": "CurrencyAmount",
    "amount": 763
  }
}