[
  {
    "tokoh_name": "Becca Howard",
    "name": "Ollie 74522",
    "product_name": "Custom posters",
    "color": null,
    "height": 18,
    "width": 24
  },
  {
    "tokoh_name": "Becca Howard",
    "name": "dogs 0815",
    "product_name": "Custom posters",
    "color": null,
    "height": 11,
    "width": 17
  },
  {
    "tokoh_name": "Becca Howard",
    "name": "Feather 7453",
    "product_name": "Custom posters",
    "color": null,
    "height": 24,
    "width": 18
  },
  {
    "tokoh_name": "Becca Howard",
    "name": "self portrait 6805",
    "product_name": "Custom posters",
    "color": null,
    "height": 17,
    "width": 11
  },
  {
    "tokoh_name": "Becca Howard",
    "name": "self portrait 6925",
    "product_name": "Custom posters",
    "color": null,
    "height": 17,
    "width": 11
  },
  {
    "tokoh_name": "Becca Howard",
    "name": "olive sunflowers",
    "product_name": "Custom posters",
    "color": null,
    "height": 17,
    "width": 11
  },
  {
    "tokoh_name": "Becca Howard",
    "name": "dog 0803",
    "product_name": "Custom posters",
    "color": null,
    "height": 11,
    "width": 17
  },
  {
    "tokoh_name": "Becca Howard",
    "name": "photograph - self portrait 3538",
    "product_name": "Custom posters",
    "color": null,
    "height": 24,
    "width": 18
  },
  {
    "tokoh_name": "Becca Howard",
    "name": "1 ghost 1 powerplant",
    "product_name": "Custom posters",
    "color": null,
    "height": 18,
    "width": 24
  },
  {
    "tokoh_name": "Becca Howard",
    "name": "moto 4372",
    "product_name": "Custom posters",
    "color": null,
    "height": 24,
    "width": 36
  },
  {
    "tokoh_name": "Becca Howard",
    "name": "photograph - self portrait  3445",
    "product_name": "Custom posters",
    "color": null,
    "height": 17,
    "width": 11
  },
  {
    "tokoh_name": "Becca Howard",
    "name": "flowers and poem - 4",
    "product_name": "Custom t-shirts",
    "color": "white",
    "height": 28,
    "width": 17.25
  },
  {
    "tokoh_name": "Becca Howard",
    "name": "mothman self portrait colors 329A4122",
    "product_name": "Custom posters",
    "color": null,
    "height": 17,
    "width": 11
  },
  {
    "tokoh_name": "Becca Howard",
    "name": "Bea lamps",
    "product_name": "Custom posters",
    "color": null,
    "height": 24,
    "width": 18
  },
  {
    "tokoh_name": "Becca Howard",
    "name": "moto 3710",
    "product_name": "Custom posters",
    "color": null,
    "height": 18,
    "width": 24
  },
  {
    "tokoh_name": "Becca Howard",
    "name": "photograph - flowers 2553",
    "product_name": "Custom posters",
    "color": null,
    "height": 17,
    "width": 11
  },
  {
    "tokoh_name": "Becca Howard",
    "name": "photograph - flowers 2528",
    "product_name": "Custom posters",
    "color": null,
    "height": 24,
    "width": 18
  },
  {
    "tokoh_name": "Becca Howard",
    "name": "photograph - becca self portraits 1105",
    "product_name": "Custom posters",
    "color": null,
    "height": 24,
    "width": 18
  },
  {
    "tokoh_name": "Becca Howard",
    "name": "flowers and poem - 2",
    "product_name": "Custom t-shirts",
    "color": "white",
    "height": 28,
    "width": 17.25
  },
  {
    "tokoh_name": "Becca Howard",
    "name": "flowers and poem - 3",
    "product_name": "Custom t-shirts",
    "color": "white",
    "height": 28,
    "width": 17.25
  },
  {
    "tokoh_name": "Becca Howard",
    "name": "flowers and poem - 1",
    "product_name": "Custom t-shirts",
    "color": "white",
    "height": 28,
    "width": 17.25
  },
  {
    "tokoh_name": "Becca Howard",
    "name": "photograph - circle flowers 2478",
    "product_name": "Custom posters",
    "color": null,
    "height": 36,
    "width": 24
  },
  {
    "tokoh_name": "Becca Howard",
    "name": "Photograph - circle flowers 2559",
    "product_name": "Custom posters",
    "color": null,
    "height": 36,
    "width": 24
  }
]