[
  {
    "tokoh_name": "Sol Torres",
    "name": "Pride Juice Magnet",
    "product_name": "Custom magnets",
    "color": null,
    "height": 3,
    "width": 2.0964
  },
  {
    "tokoh_name": "Sol Torres",
    "name": "I Love the Girls, Gays, Trans & They Pride Button",
    "product_name": "2.25\" Round buttons",
    "color": null,
    "height": 2.25,
    "width": 2.25
  },
  {
    "tokoh_name": "Sol Torres",
    "name": "I do it for Pride Bumper Stickers",
    "product_name": "Bumper stickers",
    "color": null,
    "height": 3.75,
    "width": 7.5
  },
  {
    "tokoh_name": "Sol Torres",
    "name": "Sounds Gay I'm in Halloween Magnet",
    "product_name": "Custom magnets",
    "color": null,
    "height": 2.9934,
    "width": 3
  },
  {
    "tokoh_name": "Sol Torres",
    "name": "Some Queens are Queer T-shirt",
    "product_name": "Custom t-shirts",
    "color": "white",
    "height": 29,
    "width": 18.25
  },
  {
    "tokoh_name": "Sol Torres",
    "name": "Human Pride Pins",
    "product_name": "Custom pins",
    "color": null,
    "height": 0.9637,
    "width": 1.5
  },
  {
    "tokoh_name": "Sol Torres",
    "name": "Love Has No Gender Pride Button",
    "product_name": "2.25\" Round buttons",
    "color": null,
    "height": 2.25,
    "width": 2.25
  }
]